{"stats":{"minecraft:dropped":{"minecraft:wooden_axe":1},"minecraft:used":{"minecraft:oak_fence":566,"minecraft:oak_trapdoor":126,"minecraft:rose_bush":3,"minecraft:jungle_leaves":20,"minecraft:blue_terracotta":17,"minecraft:iron_bars":115,"minecraft:polished_granite_stairs":18,"minecraft:acacia_log":36,"minecraft:white_tulip":1,"minecraft:dead_bush":40,"minecraft:flint_and_steel":46,"minecraft:melon":12,"minecraft:armor_stand":14,"minecraft:spruce_slab":497,"minecraft:ladder":355,"minecraft:diamond_hoe":40,"minecraft:oak_sign":128,"minecraft:spruce_planks":879,"minecraft:decorated_pot":33,"minecraft:chest":102,"minecraft:white_terracotta":128,"minecraft:stone":21,"minecraft:stripped_jungle_wood":2,"minecraft:jungle_hanging_sign":1,"minecraft:stripped_birch_wood":26,"minecraft:bell":10,"minecraft:sandstone_wall":211,"minecraft:smooth_sandstone_stairs":690,"minecraft:oak_door":29,"minecraft:spruce_leaves":15,"minecraft:white_candle":3,"minecraft:debug_stick":159,"minecraft:orange_bed":3,"minecraft:torch":373,"minecraft:brewing_stand":12,"minecraft:dirt":60,"minecraft:anvil":7,"minecraft:lily_of_the_valley":14,"minecraft:white_carpet":129,"minecraft:hopper":1,"minecraft:brick_slab":16,"minecraft:jungle_planks":5,"minecraft:spruce_stairs":849,"minecraft:cobblestone_wall":105,"minecraft:stone_stairs":9,"minecraft:jungle_slab":3,"minecraft:allium":38,"minecraft:deepslate_tile_slab":377,"minecraft:oak_wood":836,"minecraft:polished_granite_slab":1,"minecraft:jungle_trapdoor":40,"minecraft:glow_lichen":15,"minecraft:spruce_fence":229,"minecraft:azure_bluet":4,"minecraft:oak_fence_gate":21,"minecraft:small_dripleaf":36,"minecraft:dark_oak_planks":648,"minecraft:packed_ice":37,"minecraft:chipped_anvil":1,"minecraft:flowering_azalea":4,"minecraft:lava_bucket":16,"minecraft:bricks":385,"minecraft:red_tulip":6,"minecraft:bookshelf":413,"minecraft:grass_block":373,"minecraft:iron_block":7,"minecraft:jungle_fence_gate":2,"minecraft:red_wool":14,"minecraft:spruce_wood":271,"minecraft:lantern":86,"minecraft:blue_orchid":11,"minecraft:oak_stairs":1156,"minecraft:rooted_dirt":6,"minecraft:brick_stairs":76,"minecraft:smooth_sandstone":2088,"minecraft:acacia_slab":152,"minecraft:dark_oak_wood":131,"minecraft:light_blue_bed":6,"minecraft:red_candle":7,"minecraft:dark_oak_slab":257,"minecraft:mossy_cobblestone_slab":14,"minecraft:stone_brick_stairs":608,"minecraft:barrel":172,"minecraft:stone_bricks":1496,"minecraft:item_frame":7,"minecraft:bamboo":3,"minecraft:glowstone":11,"minecraft:red_carpet":109,"minecraft:redstone_lamp":1,"minecraft:snow":90,"minecraft:brown_carpet":6,"minecraft:hay_block":113,"minecraft:scaffolding":7,"minecraft:oak_sapling":12,"minecraft:furnace":17,"minecraft:deepslate_tile_stairs":209,"minecraft:podzol":28,"minecraft:gray_bed":5,"minecraft:acacia_fence":295,"minecraft:acacia_wood":535,"minecraft:stone_pressure_plate":24,"minecraft:acacia_planks":305,"minecraft:cobbled_deepslate":15,"minecraft:orange_terracotta":123,"minecraft:pumpkin":6,"minecraft:light_gray_bed":4,"minecraft:stripped_spruce_wood":322,"minecraft:light_blue_carpet":20,"minecraft:short_grass":54,"minecraft:dark_oak_stairs":497,"minecraft:water_bucket":322,"minecraft:chiseled_bookshelf":157,"minecraft:bamboo_mosaic":23,"minecraft:damaged_anvil":2,"minecraft:pink_tulip":6,"minecraft:cobblestone_stairs":533,"minecraft:dirt_path":24,"minecraft:sandstone_stairs":35,"minecraft:spruce_door":33,"minecraft:birch_planks":16,"minecraft:acacia_trapdoor":22,"minecraft:jungle_fence":118,"minecraft:lime_wool":3,"minecraft:oak_planks":1148,"minecraft:cartography_table":5,"minecraft:blue_wool":63,"minecraft:smooth_sandstone_slab":296,"minecraft:cactus":6,"minecraft:clay":19,"minecraft:sandstone":1119,"minecraft:redstone_block":1,"minecraft:brown_mushroom":6,"minecraft:cut_sandstone":454,"minecraft:jungle_pressure_plate":6,"minecraft:composter":22,"minecraft:spruce_sign":3,"minecraft:cauldron":54,"minecraft:stonecutter":14,"minecraft:fletching_table":8,"minecraft:blue_bed":21,"minecraft:cobblestone_slab":126,"minecraft:smooth_quartz_stairs":4,"minecraft:white_wool":83,"minecraft:mangrove_trapdoor":22,"minecraft:jungle_wood":6,"minecraft:lime_stained_glass_pane":6,"minecraft:dark_oak_trapdoor":15,"minecraft:mossy_cobblestone":47,"minecraft:cyan_glazed_terracotta":4,"minecraft:vine":27,"minecraft:sand":9,"minecraft:terracotta":2,"minecraft:yellow_terracotta":72,"minecraft:cut_sandstone_slab":77,"minecraft:light_blue_concrete":7,"minecraft:oak_slab":520,"minecraft:crafting_table":5,"minecraft:loom":19,"minecraft:red_bed":3,"minecraft:blast_furnace":4,"minecraft:light_blue_wool":3,"minecraft:brown_banner":32,"minecraft:smooth_red_sandstone":85,"minecraft:yellow_stained_glass_pane":6,"minecraft:campfire":49,"minecraft:white_bed":11,"minecraft:note_block":47,"minecraft:stone_brick_wall":289,"minecraft:painting":45,"minecraft:spruce_log":77,"minecraft:smoker":10,"minecraft:dark_oak_door":65,"minecraft:deepslate_tiles":233,"minecraft:oak_log":211,"minecraft:piston":2,"minecraft:lever":15,"minecraft:flower_pot":160,"minecraft:acacia_stairs":487,"minecraft:cornflower":21,"minecraft:oxeye_daisy":3,"minecraft:chiseled_sandstone":129,"minecraft:daylight_detector":1,"minecraft:acacia_door":7,"minecraft:stripped_jungle_log":5,"minecraft:stripped_bamboo_block":68,"minecraft:lime_carpet":14,"minecraft:cyan_bed":6,"minecraft:light_gray_candle":77,"minecraft:stone_button":139,"minecraft:cyan_carpet":22,"minecraft:spruce_pressure_plate":10,"minecraft:jungle_stairs":84,"minecraft:lectern":22,"minecraft:white_glazed_terracotta":20,"minecraft:polished_granite":47,"minecraft:spruce_trapdoor":241,"minecraft:oak_pressure_plate":48,"minecraft:prismarine_wall":5,"minecraft:flowering_azalea_leaves":3,"minecraft:yellow_wool":17,"minecraft:acacia_fence_gate":10,"minecraft:chiseled_stone_bricks":2,"minecraft:blue_carpet":70,"minecraft:green_carpet":3,"minecraft:jungle_sign":5,"minecraft:fishing_rod":7,"minecraft:cobblestone":1796,"minecraft:purple_bed":2,"minecraft:acacia_pressure_plate":3,"minecraft:stripped_oak_wood":212,"minecraft:white_banner":130,"minecraft:grindstone":11,"minecraft:dark_oak_fence":39,"minecraft:smithing_table":10,"minecraft:andesite":4,"minecraft:warped_fence_gate":6,"minecraft:jungle_door":31,"minecraft:glass_pane":343,"minecraft:sandstone_slab":183,"minecraft:chain":26,"minecraft:ice":5,"minecraft:smooth_stone_slab":8,"minecraft:yellow_bed":1,"minecraft:stripped_oak_log":33,"minecraft:white_concrete":132,"minecraft:purple_carpet":9,"minecraft:oak_hanging_sign":10,"minecraft:smooth_stone":57,"minecraft:bone_meal":526,"minecraft:candle":12},"minecraft:picked_up":{"minecraft:wooden_axe":1,"minecraft:allium":2,"minecraft:azure_bluet":8,"minecraft:ladder":4,"minecraft:flower_pot":3,"minecraft:acacia_door":3,"minecraft:oak_sign":2,"minecraft:poppy":3,"minecraft:egg":1,"minecraft:dark_oak_door":3,"minecraft:stick":2,"minecraft:jungle_door":1,"minecraft:oak_door":10,"minecraft:big_dripleaf":3,"minecraft:torch":5,"minecraft:stone_button":1,"minecraft:oxeye_daisy":2,"minecraft:potato":5,"minecraft:blue_bed":3,"minecraft:lantern":3,"minecraft:white_banner":8,"minecraft:apple":4,"minecraft:wheat_seeds":47,"minecraft:bell":1,"minecraft:bamboo":1,"minecraft:gray_bed":4,"minecraft:scaffolding":3,"minecraft:debug_stick":1,"minecraft:dandelion":4,"minecraft:oak_pressure_plate":1,"minecraft:white_bed":1,"minecraft:cyan_bed":1,"minecraft:lever":2,"minecraft:bread":9,"minecraft:brown_banner":1,"minecraft:oak_sapling":10,"minecraft:melon_seeds":2},"minecraft:custom":{"minecraft:interact_with_smithing_table":1,"minecraft:open_barrel":22,"minecraft:fill_cauldron":20,"minecraft:bell_ring":2,"minecraft:leave_game":58,"minecraft:time_since_death":1734014,"minecraft:climb_one_cm":14912,"minecraft:sprint_one_cm":667243,"minecraft:walk_one_cm":2218171,"minecraft:drop":1,"minecraft:talked_to_villager":3,"minecraft:play_time":2624225,"minecraft:deaths":2,"minecraft:sneak_time":47026,"minecraft:walk_under_water_one_cm":2566,"minecraft:jump":3815,"minecraft:interact_with_brewingstand":4,"minecraft:interact_with_blast_furnace":3,"minecraft:walk_on_water_one_cm":13382,"minecraft:total_world_time":3515793,"minecraft:interact_with_furnace":3,"minecraft:interact_with_cartography_table":1,"minecraft:tune_noteblock":6,"minecraft:interact_with_loom":3,"minecraft:pot_flower":111,"minecraft:interact_with_grindstone":1,"minecraft:interact_with_stonecutter":2,"minecraft:sleep_in_bed":1,"minecraft:time_since_rest":1734104,"minecraft:damage_dealt":50,"minecraft:fly_one_cm":54039620,"minecraft:open_chest":3,"minecraft:crouch_one_cm":2486,"minecraft:interact_with_smoker":7}},"DataVersion":3700}